<?xml version="1.0" encoding="UTF-8"?>
<beans xmlns="http://www.springframework.org/schema/beans"
	xmlns:xsi="http://www.w3.org/2001/XMLSchema-instance" xmlns:context="http://www.springframework.org/schema/context"
	xsi:schemaLocation="http://www.springframework.org/schema/beans http://www.springframework.org/schema/beans/spring-beans-4.0.xsd
        					http://www.springframework.org/schema/context http://www.springframework.org/schema/context/spring-context-4.0.xsd">

	<bean id="task2" class="com.capgemini.pojo.OracleDataSource.POJO">
		<property name="schema" value="xe"></property>
		<property name="dbname" value="oracle"></property>
		<property name="port" value="8080"></property>
		<property name="uname" value="hr"></property>
		<property name="password" value="hr"></property>
	</bean>
	
</beans>